"id","name","char","skill1","skill2","skill3"
11001,"Kirito","Kirito","skill_11101","skill_12101","skill_13108"
12001,"[Former Beta Tester] Kirito","Kirito","skill_11103","skill_12101",""
12002,"Klein","Klein","skill_11102","skill_12203",""
12003,"Diavel","Diavel","skill_11103","skill_12203",""
12004,"Corvatz","Corvatz","skill_11101","skill_12203",""
12005,"Thinker","Thinker","skill_11101","skill_12201",""
12006,"Sigurd","Sigurd","skill_11101","skill_12101",""
13001,"[Spriggan] Kirito","Kirito","skill_11101","skill_12101","skill_12201"
13002,"[Solo] Kirito","Kirito","skill_11101","skill_12101","skill_12201"
13003,"[Katana Master] Klein","Klein","skill_11102","skill_12101","skill_12201"
13004,"[Salamander Samurai] Klein","Klein","skill_11102","skill_12101","skill_12203"
13005,"Sumeragi","Sumeragi","skill_11102","skill_12101","skill_12203"
13006,"[Guild Commander] Heathcliff","Heathcliff","skill_11103","skill_12201","skill_12203"
13007,"Red-Eyed XaXa","XaXa","skill_11101","skill_11201","skill_12201"
13008,"Kuradeel","Kuradeel","skill_11101","skill_12101","skill_12203"
13009,"Eugene","Eugene","skill_11101","skill_11201","skill_12203"
14001,"[Furinkazan] Klein","Klein","skill_11102","skill_12203","skill_13103"
14002,"[Fairy Dance] Kirito","Kirito","skill_11101","skill_12201","skill_12203"
14004,"[Swordsman of the Gods] Klein","Klein","skill_11102","skill_12201","skill_13108"
14006,"[Faithful Swordsman] Klein","Klein","skill_11103","skill_12101","skill_13125"
14008,"[Born Genius] Eugeo","Eugeo","skill_11201","skill_12101","skill_13120"
14015,"[Hero's return] Kirito","Kirito","skill_11201","skill_12201","skill_13117"
14016,"[Surfer] Eugeo","Eugeo","skill_11201","skill_12101","skill_13143"
14017,"[Blue Silver Knight] Eugeo","Eugeo","skill_11103","skill_12101","skill_13133"
14018,"[Resurgent Sword] Kirito","Kirito","skill_11201","skill_12101","skill_13136"
14019,"[Black Wing] Kirito","Kirito","skill_11103","skill_12101","skill_13148"
14020,"[Haiku Composer] Kirito","Kirito","skill_11201","skill_12101","skill_14123"
14021,"[Ark Savior] Eugeo","Eugeo","skill_11201","skill_12101","skill_14153"
14022,"[Pure-Minded Master] Sorey","Sorey","skill_11201","skill_11202","skill_14146"
15001,"[Blue Rose Integrity Knight] Eugeo","Eugeo","skill_11201","skill_12101","skill_14103"
15002,"[Howl at the Moon] Eugeo","Eugeo","skill_11201","skill_12101","skill_14105"
15003,"[Intrepid Detective] Eugeo","Eugeo","skill_11201","skill_12101","skill_14111"
15004,"[Strong Mind] Klein","Klein","skill_11201","skill_12201","skill_14110"
15005,"[Promise at that Time] Kirito","Kirito","skill_11201","skill_12201","skill_14112"
15006,"[Swordsman in the Wilderness] Kirito","Kirito","skill_11201","skill_12101","skill_14113"
15007,"[Lone Wolf in the Wild] Kirito","Kirito","skill_11201","skill_12101","skill_14115"
15008,"[Hasty Reindeer] Eugeo","Eugeo","skill_11201","skill_12101","skill_14117"
15009,"[Haiku Composer] Kirito","Kirito","skill_11201","skill_12101","skill_14123"
15010,"[Fortune comes in at the merry gate] Kirito","Kirito","skill_11201","skill_12101","skill_14120"
15011,"[Strong Faith] Kirito","Kirito","skill_11201","skill_12101","skill_14127"
15012,"[Ordinal Number 2nd] Eiji","Eiji","skill_11201","skill_12201","skill_14114"
15014,"[Stick to your beliefs] Kirito","Kirito","skill_11201","skill_12201","skill_14125"
15015,"[Fellowship on the Field] Kirito","Kirito","skill_11201","skill_12101","skill_14147"
15016,"[Trusted Sword] Eugeo","Eugeo","","",""
15017,"[Black Master Swordman] Kirito","Kirito","skill_11201","skill_12101","skill_14142"
15018,"[Hero's Blessing] Kirito","Kirito","skill_11201","skill_12101","skill_14143"
15019,"[Pure-Minded Master] Sorey","Sorey","skill_11201","skill_11202","skill_14146"
15020,"[Unleashed Werewolf] Eugeo","Eugeo","skill_11201","skill_12101","skill_14150"
15021,"[Hero's Achievement] Kirito","Kirito","skill_11201","skill_12101","skill_14151"
15032,"[Ark Savior] Eugeo","Eugeo","skill_11201","skill_12101","skill_14153"
16001,"[Blue Rose in Full Glory] Eugeo","Eugeo","skill_11201","skill_12101","skill_14155"
16002,"[Innocent Curiosity] Kirito","Kirito","skill_11201","skill_12101","skill_15109"
16003,"[Innocent Mind] Eugeo","Eugeo","skill_11201","skill_12101","skill_15110"
16004,"[Whirlwind Young Warrior] Eugeo","Eugeo","skill_11201","skill_12101","skill_15112"
16005,"[Aincrad-Style] Kirito","Kirito","skill_11201","skill_12101","skill_15114"
16006,"[Let's Play Memory Defrag] Eugeo","Eugeo","skill_11201","skill_12101","skill_14154"
16007,"[Trust in Each Other] Kirito","Kirito","skill_11201","skill_12201","skill_15119"
16008,"[Unwavering Commitment] Eugeo","Eugeo","skill_11201","skill_12101","skill_15120"
16010,"[AR Sword master] Kirito","Kirito","skill_11201","skill_12101","skill_15127"
16011,"[The Path You Choose] Kirito","Kirito","skill_11201","skill_12201","skill_15128"
16012,"[The Oath Sword] Eugeo","Eugeo","skill_11201","skill_12101","skill_15129"
16013,"[Comdr. of the Integrity Knights] Bercouli","Bercouli","skill_11201","skill_12101","skill_15130"
16014,"[Black Suited Gunner] Kirito","Kirito","skill_11201","skill_15125","skill_1512501"
16015,"[Heart of the Sword] Kirito","Kirito","skill_11201","skill_12201","skill_15141"
16016,"[Oath of the Sword] Eugeo","Eugeo","skill_11201","skill_12101","skill_15142"
16017,"[Strength to Accept the Past] Kirito","Kirito","skill_11201","skill_12101","skill_15144"
16018,"[Blooming Blue Rose Glacier] Eugeo","Eugeo","skill_11201","skill_12101","skill_15147"
16019,"[Rocking Into Space] Kirito","Kirito","skill_11201","skill_12201","skill_15152"
16020,"[Reaching Greater Heights] Eugeo","Eugeo","skill_11201","skill_12101","skill_15153"
16021,"[Future-Slicing Knight] Bercouli","Bercouli","skill_11201","skill_12101","skill_15154"
16024,"[Wish for Happiness] Eugeo","Eugeo","skill_11201","skill_12101","skill_15158"
16025,"[Hero Hunting Blade] Eiji","Eiji","skill_11201","skill_12101","skill_15160"
16026,"[Figureless Identity] Joker","Joker","skill_11201","skill_12101","skill_15161"
16027,"[Heart Full of Memories] Eugeo","Eugeo","skill_11201","skill_12101","skill_15167"
16028,"[Unyielding Spirit] Kirito","Kirito","skill_11201","skill_12201","skill_15171"
16029,"[Unyielding Oath] Eugeo","Eugeo","skill_11201","skill_12101","skill_15172"
16030,"[Legendary Hero] Bercouli","Bercouli","skill_11201","skill_12101","skill_1515402"
16031,"[A Gift for Christmas] Kirito","Kirito","skill_11201","skill_12101","skill_15185"
16032,"[Blue Silver Hero] Kirito","Kirito","skill_11201","skill_12101","skill_15184"
16033,"[Dual Pen Cartoonist] Kirito","Kirito","","",""
16035,"[Master Assistant] Eugeo","Eugeo","skill_11201","skill_12101","skill_15187"
16037,"[Ferocious God of the West] Kirito","Kirito","skill_11201","skill_12101","skill_15189"
16040,"[Keeper of the Iron Sword] Kirito","Kirito","skill_11201","skill_12101","skill_15198"
16042,"[Blue Rose Beside the Hero] Eugeo","Eugeo","skill_11201","skill_12101","skill_15202"
22001,"Strea","Strea","skill_21101","skill_22202",""
22002,"Sachi","Sachi","","",""
23001,"[Uninhibited Fairy] Strea","Strea","skill_21101","skill_22102","skill_22202"
23002,"[Sword & Shield] Sachi","Sachi","skill_21101","skill_22102","skill_22204"
24001,"[Storm Mage] Leafa","Leafa","skill_21201","skill_22204","skill_23101"
24002,"[Zekken] Yuuki","Yuuki","skill_21201","skill_22202","skill_23102"
24003,"[MHCP-002] Strea","Strea","","",""
24004,"[Multi-Wielder] Rain","Rain","skill_21201","skill_22204","skill_23105"
24005,"[Zeppu] Yuuki","Yuuki","skill_21201","skill_22102","skill_23106"
24006,"[Rushing Torrent] Rain","Rain","skill_21201","skill_22202","skill_23115"
24009,"[Blessing of Eden] Yuuki","Yuuki","skill_21201","skill_22202","skill_23107"
24010,"[Celestial Swordfighter] Yuuki","Yuuki","skill_21101","skill_22202","skill_23109"
24011,"[Yuletide Swordswoman] Strea","Strea","skill_21201","skill_22202","skill_23110"
24012,"[Happy Memories] Sachi","Sachi","skill_21201","skill_22102","skill_23111"
24013,"[Festive Dancer] Yuuki","Yuuki","skill_21201","skill_22202","skill_23114"
24014,"[Unfulfilled Wish] Leafa","Leafa","","",""
24015,"[Swordmaster] Yuuki","Yuuki","skill_21201","skill_22102","skill_23126"
24016,"[Nightwear] Leafa","Leafa","","",""
24017,"[Nightwear] Yuuki","Yuuki","","",""
24018,"[Void Runner] Leafa","Leafa","skill_21201","skill_22102","skill_23121"
24019,"[Integrity Knight] Alice","Alice","skill_21201","skill_22102","skill_23119"
24024,"[Faroff Fencer] Suguha","Suguha","","",""
24025,"[AR Idol] Yuna","Yuna","skill_21101","skill_22102","skill_23118"
24026,"[Bond Sword] Leafa","Leafa","skill_21201","skill_22204","skill_23123"
24027,"[Angel Cheer] Yui","Yui","skill_21201","skill_22202","skill_23124"
24028,"[Sparkling Teen Idol] Leafa","Leafa","skill_21201","skill_22102","skill_23128"
24029,"[Lightning Dance] Asuna","Asuna","skill_21101","skill_22202","skill_23130"
24030,"[Sakura Romance] Strea","Strea","skill_21201","skill_22102","skill_23129"
24031,"[Parlor Maid] Rain","Rain","skill_21201","skill_22102","skill_23131"
24033,"[Early Spring Dance] Argo","Argo","skill_21201","skill_22202","skill_23127"
24034,"[Summer Girl] Suguha","Suguha","skill_21201","skill_22102","skill_23134"
24035,"[Fragrant Olive in June] Alice","Alice","skill_21201","skill_22204","skill_23138"
24036,"[The Kiss] Leafa","Leafa","skill_21201","skill_22202","skill_23139"
24037,"[Rainy Season Enjoyment] Leafa","Leafa","skill_21201","skill_22102","skill_23140"
24038,"[Aries] Leafa","Leafa","skill_21201","skill_22202","skill_23137"
24039,"[All Aboard] Yui","Yui","skill_21201","skill_22102","skill_23142"
24040,"[Good Street Vendor] Lisbeth","Lisbeth","skill_21101","skill_22102","skill_23145"
24041,"[Tropical dB] Yuna","Yuna","skill_21201","skill_22102","skill_23144"
24042,"[Golden Knight] Alice","Alice","skill_21201","skill_22102","skill_23132"
24043,"[Radiant First Mate] Leafa","Leafa","skill_21201","skill_22202","skill_23146"
24044,"[Summer Princess] Alice","Alice","skill_21201","skill_22204","skill_23147"
24046,"[True Heart] Yui","Yui","skill_21201","skill_22102","skill_23150"
24048,"[Splash in Dirndl] Leafa","Leafa","","",""
24049,"[Tied Together] Yuuki","Yuuki","skill_21201","skill_22102","skill_24128"
24050,"[A Lone Flower] Alice","Alice","","",""
24051,"[Caught My Eye] Suguha","Suguha","skill_21201","skill_22102","skill_24139"
25001,"[The Blade - facing the feelings] Leafa","Leafa","skill_21201","skill_22204","skill_2315101"
25002,"[Wish Granter] Yuuki","Yuuki","skill_21201","skill_22202","skill_24104"
25004,"[Fragrant Olive Integrity Knight] Alice","Alice","skill_21201","skill_22204","skill_24102"
25005,"[Pumpkin Knight] Alice","Alice","skill_21201","skill_22102","skill_24106"
25006,"[Flush of Youth] Leafa","Leafa","skill_21201","skill_22102","skill_24107"
25007,"[Beauty in Secluded Hot Springs] Leafa","Leafa","skill_21201","skill_22202","skill_24108"
25008,"[Excitement on Christmas Eve] Alice","Alice","skill_21201","skill_22102","skill_24116"
25009,"[Christmas Miracle] Yuuki","Yuuki","skill_21201","skill_22102","skill_24118"
25010,"[Ring the Bell] Alice","Alice","","",""
25011,"[Gorgeous Priestess Costume] Suguha","Suguha","skill_21201","skill_22204","skill_24122"
25012,"[The Bunny Ace] Yuuki","Yuuki","skill_21201","skill_22102","skill_24109"
25013,"[Innocent Chocolatier] Yuuki","Yuuki","skill_21201","skill_22102","skill_24126"
25014,"[Splash in Dirndl] Leafa","Leafa","skill_21201","skill_22102","skill_24124"
25015,"[Happy Memories] Sachi","Sachi","skill_21201","skill_22102","skill_23111"
25016,"[New Year's Breeze] Yuuki","Yuuki","skill_21201","skill_22202","skill_24121"
25019,"[Bashful Tanuki Girl] Alice","Alice","skill_21201","skill_22102","skill_24130"
25020,"[Angel Tone] Silica","Silica","skill_21201","skill_22204","skill_24131"
25021,"[Passionate Strumming] Leafa","Leafa","skill_21201","skill_22102","skill_24132"
25022,"[Swifty Slash] Leafa","Leafa","skill_21201","skill_22102","skill_24133"
25023,"[Feels like a big sis] Yuuki","Yuuki","skill_21201","skill_22102","skill_24135"
25024,"[Tied Together] Yuuki","Yuuki","skill_21201","skill_22102","skill_24128"
25025,"[Flash with Wind] Asuna","Asuna","skill_21201","skill_22202","skill_24137"
25026,"[Illusion Killer] Sinon","Sinon","skill_21201","skill_22102","skill_24138"
25027,"[A Lone Flower] Alice","Alice","skill_21201","skill_22102","skill_24136"
25028,"[Ingenuous Blessing] Strea","Strea","skill_21201","skill_22102","skill_24134"
25029,"[Proud Sword] Alice","Alice","skill_21201","skill_22204","skill_24140"
25030,"[Caught My Eye] Suguha","Suguha","skill_21201","skill_22102","skill_24139"
25031,"[The Spirit] Leafa","Leafa","skill_21201","skill_22202","skill_24144"
25032,"[Great Spirit] Milla","Milla","skill_21201","skill_21203","skill_24145"
25033,"[Valkyrie] Alice","Alice","skill_21201","skill_22204","skill_24149"
25034,"[Deceiver of the Gods] Yuuki","Yuuki","skill_21201","skill_22102","skill_24152"
25035,"[Zekken in the Wilderness] Yuuki","Yuuki","skill_21201","skill_22102","skill_24148"
25038,"[Another Justice] Makoto","Makoto","skill_21201","skill_22102","skill_24156"
25045,"[Walking Tactics Manual] Sortiliena","Sortiliena","skill_21201","skill_22102","skill_25122"
25055,"[Time Traveler] Makoto","Makoto","skill_21201","skill_22102","skill_25140"
25056,"[New Year's Dance] Sortiliena","Sortiliena","skill_21201","skill_22204","skill_25157"
26001,"[Great Fragrant Olive Tree] Alice","Alice","skill_21201","skill_22204","skill_24153"
26002,"[A Gale Blows Via Time & Space] Leafa","Leafa","skill_21201","skill_22204","skill_24154"
26003,"[Zekken with Feelings] Yuuki","Yuuki","skill_21201","skill_22102","skill_24155"
26004,"[Baleful Karasu Tengu] Yuuki","Yuuki","skill_21201","skill_22102","skill_25111"
26005,"[Autumn Slasher] Alice","Alice","skill_21201","skill_22102","skill_25113"
26006,"[Serlut-Style Inheritor] Sortiliena","Sortiliena","skill_21201","skill_22204","skill_25115"
26007,"[Another Justice] Makoto","Makoto","skill_21201","skill_22102","skill_24156"
26008,"[Kind Apprentice Swordsman] Ronie","Ronie","skill_21201","skill_22102","skill_25116"
26009,"[Devoted Apprentice Swordsman] Tiese","Tiese","skill_21201","skill_22204","skill_25117"
26010,"[Brilliant Gift] Yuuki","Yuuki","skill_21201","skill_22204","skill_25118"
26011,"[Orderly Knight] Alice","Alice","skill_21201","skill_22204","skill_25121"
26012,"[Amaterasu the Sun Goddess] Suguha","Suguha","skill_21201","skill_22204","skill_25123"
26014,"[Singing Voice in the Battle] Yuna","Yuna","skill_21201","skill_22102","skill_25126"
26016,"[Walking Tactics Manual] Sortiliena","Sortiliena","skill_21201","skill_22102","skill_25122"
26017,"[Noble Integrity Knight] Alice","Alice","skill_21201","skill_22204","skill_25124"
26018,"[Sweet Romance] Tiese","Tiese","skill_21201","skill_22204","skill_25131"
26019,"[One Summer's Memory] Ronie","Ronie","skill_21201","skill_22204","skill_25135"
26020,"[Midsummer's Innocence] Tiese","Tiese","skill_21201","skill_22204","skill_25136"
26021,"[Find the Prince] Silica","Silica","skill_21201","skill_22102","skill_25137"
26022,"[Instant Attack] Yuuki","Yuuki","skill_21201","skill_22202","skill_25132"
26023,"[Breaking the Seal] Alice","Alice","skill_21201","skill_22204","skill_25133"
26024,"[Speedaholic] Leafa","Leafa","skill_21201","skill_22202","skill_25134"
26025,"[Revived Crest Light] Asuna","Asuna","skill_21101","skill_25138","skill_2513801"
26026,"[Elegant Eternal Summer Knight] Alice","Alice","skill_21201","skill_22204","skill_25139"
26027,"[Together For Eternity] Yuuki","Yuuki","skill_21201","skill_22102","skill_25143"
26028,"[Together Forevermore] Leafa","Leafa","skill_21201","skill_22102","skill_25145"
26029,"[Time Traveler] Makoto","Makoto","skill_21201","skill_22102","skill_25140"
26032,"[Grand Blossoming] Alice","Alice","skill_21201","skill_22204","skill_25147"
26033,"[Wandering Integrity Knight] Alice","Alice","skill_21201","skill_22204","skill_25149"
26034,"[Illusive Sylph] Leafa","Leafa","skill_21201","skill_22204","skill_25150"
26035,"[Together with Amayori] Alice","Alice","skill_21201","skill_22204","skill_25151"
26036,"[Thinking of You] Sortiliena","Sortiliena","skill_21201","skill_22204","skill_25155"
26037,"[Mentee in Love] Ronie","Ronie","skill_21201","skill_22202","skill_25156"
26038,"[New Year's Dance] Sortiliena","Sortiliena","skill_21201","skill_22204","skill_25157"
26039,"[Linking Feelings Sword God] Yuuki","Yuuki","skill_21201","skill_22102","skill_25159"
26040,"[VR World Emperor] Alice","Alice","","",""
26041,"[VR World Hermit] Yuuki","Yuuki","skill_21201","skill_22102","skill_25163"
26042,"[Flame Blade Wielding Demon] Asuna","Asuna","skill_21201","skill_22102","skill_25165"
26043,"[Earth Goddess Terraria] Leafa","Leafa","skill_21201","skill_22204","skill_25164"
26044,"[Earth-Rupturing White Dragon] Yuuki","Yuuki","skill_21201","skill_22204","skill_25166"
26045,"[Knight's Pride] Alice","Alice","skill_21201","skill_22204","skill_25168"
26046,"[All-Healing] Leafa","Leafa","skill_21201","skill_22204","skill_25170"
26048,"[Dewy Bride] Fanatio","Fanatio","skill_21201","skill_25169","skill_2516901"
26049,"[Tranquil Moment] Alice","Alice","skill_21201","skill_22204","skill_25174"
26050,"[Morning Camisole] Alice","Alice","skill_21201","skill_22204","skill_25176"
26051,"[Always By Your Side] Yuuki","Yuuki","skill_21201","skill_22202","skill_25175"
26052,"[Wrapped in Divine Wind] Leafa","Leafa","skill_21201","skill_22102","skill_25177"
26053,"[Invincible Journey] Yuuki","Yuuki","skill_21201","skill_22202","skill_25178"
26054,"[Trainee Bearing a Legacy] Ronie","Ronie","skill_21201","skill_22204","skill_25179"
26055,"[Trainee Filled with Devotion] Tiese","Tiese","skill_21201","skill_22204","skill_25180"
26056,"[Barista in Bloom] Suguha","Suguha","skill_21201","skill_22204","skill_25173"
26057,"[Powerful Apprentice Swordsman] Yuuki","Yuuki","skill_21201","skill_22102","skill_25181"
26058,"[Flash of Light Among the Flowers] Asuna","Asuna","skill_21201","skill_22204","skill_25188"
26059,"[JUSTICE] Leafa","Leafa","skill_21201","skill_22204","skill_25183"
26060,"[Knight of the Abyss] Eydis","Eydis","skill_21201","skill_22202","skill_25182"
26061,"[Song for You] Yuna","Yuna","skill_21201","skill_22202","skill_25190"
26062,"[Wind Caressing the Earth] Leafa","Leafa","skill_21201","skill_22202","skill_25191"
26067,"[Steel Blade of Resolution] Alice","Alice","skill_21201","skill_22102","skill_25199"
26069,"[Sylph Against the World Tree] Leafa","Leafa","skill_21201","skill_22202","skill_25193"
26070,"[Fragrant Olive Knight With Pride] Alice","Alice","skill_21201","skill_22204","skill_25203"
34001,"[Black Swordsman] Kirito","Kirito","skill_31201","skill_32201","skill_33101"
34002,"[Skill Connect] Kirito","Kirito","skill_31201","skill_32202","skill_33102"
34003,"[Bloodbond] Kirito","Kirito","skill_31201","skill_32202","skill_33103"
34004,"[Concealed Dualblades] Kirito","Kirito","skill_31201","skill_32202","skill_33105"
34005,"[Fantastic Gift] Kirito","Kirito","skill_31201","skill_32201","skill_33104"
34007,"[True Black] Kirito","Kirito","skill_31201","skill_32202","skill_33106"
34008,"[Tropical Beach Boy] Kirito","Kirito","skill_31201","skill_32201","skill_33107"
34009,"[Lofty Captain] Kirito","Kirito","skill_31201","skill_32202","skill_33108"
35001,"[The Will -transcending the system] Kirito","Kirito","skill_31201","skill_32201","skill_34101"
35002,"[Offer Lifeblood] Kirito","Kirito","skill_31201","skill_32202","skill_34102"
35003,"[365 Days] Kirito","Kirito","skill_31201","skill_32201","skill_34104"
35004,"[Guide in Snow] Kirito","Kirito","skill_31201","skill_32202","skill_34105"
35006,"[The King of Poker] Kirito","Kirito","skill_31201","skill_32202","skill_34103"
35008,"[Masked Swordsman] Kirito","Kirito","skill_31201","skill_31202","skill_34111"
35009,"[Orgulous God] Kirito","Kirito","skill_31201","skill_32201","skill_34113"
36001,"[Ultrafast Dualblades] Kirito","Kirito","skill_31201","skill_32201","skill_34114"
36002,"[Happy 2nd Anniversary] Kirito","Kirito","skill_31201","skill_32201","skill_34115"
36003,"[Gilded Hero] Kirito","Kirito","skill_31201","skill_32202","skill_35104"
36004,"[To the World's Core] Kirito","Kirito","skill_31201","skill_32202","skill_35112"
36005,"[My Hero] Kirito","Kirito","skill_31201","skill_32201","skill_35108"
36006,"[A Duty to Honor] Kirito","Kirito","skill_31201","skill_32202","skill_35116"
36007,"[My Life Is Yours] Kirito","Kirito","skill_31201","skill_32201","skill_35114"
36008,"[Black Sword Integrity Knight] Kirito","Kirito","skill_31201","skill_32202","skill_35118"
36009,"[Linking Wills Sword God] Kirito","Kirito","skill_31201","skill_32201","skill_35119"
36010,"[VR World Fool] Kirito","Kirito","skill_31201","skill_32202","skill_35121"
36011,"[Hero Rises] Kirito","Kirito","skill_31201","skill_32202","skill_35124"
36013,"[Eternal Bond] Kirito","Kirito","skill_31201","skill_32201","skill_35130"
36014,"[Black Suited Blue Rose] Eugeo","Eugeo","skill_31201","skill_32201","skill_35126"
36015,"[THE WORLD] Kirito","Kirito","skill_31201","skill_32202","skill_35127"
36016,"[Diligent Gentleman] Eugeo","Eugeo","skill_31201","skill_32201","skill_35133"
36018,"[Floating Castle Hero in Black] Kirito","Kirito","skill_31201","skill_32201","skill_35136"
44001,"[Raindrops Girl] Rain","Rain","skill_41201","skill_42201","skill_43107"
44002,"[Celestial Dancer] Yuuki","Yuuki","skill_41201","skill_42201","skill_43103"
44003,"[Blossom Shower] Rain","Rain","skill_41201","skill_42201","skill_43104"
44004,"[Personal Santa] Rain","Rain","skill_41201","skill_42201","skill_44104"
45001,"[Personal Santa] Rain","Rain","skill_41201","skill_42201","skill_44104"
45002,"[Cool Drum Beats] Rain","Rain","skill_41201","skill_42201","skill_44106"
45003,"[Fluttering Petals] Rain","Rain","skill_41201","skill_42201","skill_44108"
45004,"[Summer Splash] Yuuki","Yuuki","skill_41201","skill_42201","skill_44110"
45005,"[Countless Swords Blessing] Rain","Rain","skill_41201","skill_42201","skill_44109"
45006,"[Dolphin Jumper] Rain","Rain","skill_41201","skill_42201","skill_44112"
45010,"[A New Journey] Rain","Rain","skill_41201","skill_42201","skill_45120"
45011,"[Rainfall Girl] Rain","Rain","skill_41201","skill_42201","skill_4310702"
45012,"[Petals Dancing in the Breeze] Rain","Rain","skill_41201","skill_42201","skill_4410802"
45013,"[Beach Splash] Yuuki","Yuuki","skill_41201","skill_42201","skill_4411002"
46001,"[Susanoo] Yuuki","Yuuki","skill_41201","skill_42201","skill_45103"
46002,"[Midnight Dream] Yuuki","Yuuki","skill_41201","skill_42201","skill_45105"
46003,"[Tiny Big Sister] Rain","Rain","skill_41201","skill_42201","skill_45107"
46004,"[Dual Wielding Swordsman] Rain","Rain","skill_41201","skill_42201","skill_45106"
46005,"[Photon Sword Dancing in the Wind] Rain","Rain","skill_41201","skill_42201","skill_45109"
46006,"[Mischievous EternalSummer Warrior]Yuuki","Yuuki","skill_41201","skill_42201","skill_45111"
46008,"[Woof Woof Swordsman] Ronie","Ronie","skill_41201","skill_42201","skill_45110"
46009,"[Shimmering Dancer] Yuuki","Yuuki","skill_41201","skill_42201","skill_45113"
46010,"[A Steamy View] Alice","Alice","skill_41201","skill_42201","skill_45115"
46011,"[Integrity Knight Zekken] Yuuki","Yuuki","skill_41201","skill_42201","skill_45117"
46012,"[A New Journey] Rain","Rain","skill_41201","skill_42201","skill_45120"
46013,"[Rose Bearing Beauty] Rain","Rain","skill_41201","skill_42201","skill_45122"
46014,"[Vampire of Nobility] Alice","Alice","skill_41201","skill_42201","skill_45125"
46015,"[Wonderful Present] Asuna","Asuna","","",""
46016,"[Snow Day Present] Rain","Rain","skill_41201","skill_42201","skill_45129"
46017,"[Battle-Hardened Pirate Maiden] Alice","Alice","skill_41201","skill_42201","skill_45132"
46018,"[A New Year Just Begun] Yui","Yui","skill_41201","skill_42201","skill_45131"
46019,"[Diligent Subculture Maid] Rain","Rain","skill_41201","skill_45134","skill_4513401"
46020,"[THE MAGICIAN] Seven","Seven","skill_41201","skill_42201","skill_45135"
62001,"Asuna","Asuna","","",""
62002,"Yolko","Yolko","","",""
62003,"Yulier","Yulier","","",""
63001,"[Floor-Clearing Demon] Asuna","Asuna","","",""
63002,"[Battle Smith] Lisbeth","Lisbeth","","",""
63003,"[Item Master] Rain","Rain","","",""
63004,"Lux","Lux","","",""
64001,"[Lightning Flash] Asuna","Asuna","","",""
64002,"[Gale Dancer] Asuna","Asuna","","",""
64003,"[Trick or Treat] Yuuki","Yuuki","","",""
64004,"[Elegant Water Warrior] Asuna","Asuna","","",""
64005,"[Prestige Vice Commander] Asuna","Asuna","","",""
64006,"[Silent Night's Light] Asuna","Asuna","","",""
64007,"[Dreams in Crimson] Asuna","Asuna","","",""
64008,"[Enchanting Love] Asuna","Asuna","","",""
64009,"[Made With Love] Asuna","Asuna","","",""
64010,"[Shinobi Slash] Asuna","Asuna","","",""
64012,"[Heart of Confront] Asuna","Asuna","","",""
64015,"[White Flash] Asuna","Asuna","","",""
64016,"[Budding Emotions] Premiere","Premiere","","",""
64017,"[Glittering Youth] Strea","Strea","","",""
64018,"[Natural Pop Star] Yuuki","Yuuki","","",""
64019,"[Pearl Tears] Yui","Yui","","",""
64020,"[Mellow Maid] Leafa","Leafa","","",""
64021,"[Hide-and-seek Girl] Sphica","Sphica","","",""
64022,"[Pudding Rather Than Praise] Premiere","Premiere","","",""
64024,"[Up-and-coming Tiny Idol] Yui","Yui","","",""
64025,"[Promise at that Time] Asuna","Asuna","","",""
64026,"[Gemini] Yuuki","Yuuki","","",""
64027,"[Time of Injection] Asuna","Asuna","","",""
64028,"[Sunny Summer Girl] Yuuki","Yuuki","","",""
64029,"[Starlight Prayer] Silica","Silica","","",""
64030,"[Illuminating Weeping Willow] Asuna","Asuna","","",""
64031,"[Healing Beauty] Asuna","Asuna","","",""
64032,"[Summer Night Shout] Leafa","Leafa","","",""
64033,"[Gorgeous Quartermaster] Asuna","Asuna","","",""
64034,"[Heart Flash] Asuna","Asuna","","",""
64035,"[Stars and Stripes] Asuna","Asuna","","",""
64036,"[Sweet Idol Singer] Yuna","Yuna","","",""
64037,"[Shamisen Rock] Premiere","Premiere","","",""
65001,"[The Will - changing the fate] Asuna","Asuna","","",""
65002,"[Heartful Water fairy] Asuna","Asuna","","",""
65003,"[Sweet Monster] Leafa","Leafa","","",""
65004,"[Reach the Finish Line] Asuna","Asuna","","",""
65005,"[The Glossy Goddess] Asuna","Asuna","","",""
65006,"[Dancing Rose Red] Asuna","Asuna","","",""
65007,"[Gift from Santa] Asuna","Asuna","","",""
65008,"[Votive Prayers] Asuna","Asuna","","",""
65009,"[Foxy Shrine Maiden] Asuna","Asuna","","",""
65011,"[The Queen of Hearts] Asuna","Asuna","","",""
65012,"[Affectionate Chocolatier] Asuna","Asuna","","",""
65013,"[Stars and Stripes] Asuna","Asuna","","",""
65014,"[Sweet Idol Singer] Yuna","Yuna","","",""
65016,"[Foxy Beauty] Asuna","Asuna","","",""
65018,"[Sweet Vocals] Seven","Seven","","",""
65019,"[Shamisen Rock] Premiere","Premiere","","",""
65020,"[Robust Faith] Asuna","Asuna","","",""
65021,"[Shifting Idol Singer] Yuna","Yuna","","",""
65022,"[Nimble Slash] Asuna","Asuna","","",""
65023,"[Unrestrained Emotion] Asuna","Asuna","","",""
65024,"[Sparkling Zekken] Yuuki","Yuuki","","",""
65025,"[Ocean Resort] Asuna","Asuna","","",""
65026,"[Goddess' Blessing] Premiere","Premiere","","",""
65027,"[Blessing of Light] Asuna","Asuna","","",""
65028,"[Vindictive Blade] Asuna","Asuna","","",""
65029,"[Goddess of Fertility] Asuna","Asuna","","",""
65030,"[Dolphin Rider] Seven","Seven","","",""
65031,"[Light Trajectory] Asuna","Asuna","","",""
65032,"[Hide-and-seek Girl] Sphica","Sphica","","",""
65033,"[Made With Love] Asuna","Asuna","","",""
65035,"[Seductress] Administrator","Administrator","","",""
65059,"[Born Pop Star] Yuuki","Yuuki","","",""
65060,"[Everlasting Love] Asuna","Asuna","","",""
66001,"[Linked to the Future] Asuna","Asuna","","",""
66002,"[Swordsman of Water] Asuna","Asuna","","",""
66003,"[Beautiful Monster] Alice","Alice","","",""
66004,"[Devildom Swordsmith] Lisbeth","Lisbeth","","",""
66005,"[Joyful Wedding] Asuna","Asuna","","",""
66006,"[The Sword of Hope] Asuna","Asuna","","",""
66007,"[Faith in Heart] Asuna","Asuna","","",""
66008,"[Warmth of Your Hand] Yuna","Yuna","","",""
66009,"[Ingenuous Hina Doll] Alice","Alice","","",""
66010,"[Vice Comdr. of the Int. Knights] Fanatio","Fanatio","","",""
66011,"[Mellow Love] Leafa","Leafa","","",""
66012,"[Seductress] Administrator","Administrator","","",""
66013,"[Leading Swordsman] Asuna","Asuna","","",""
66014,"[Captured Princess] Asuna","Asuna","","",""
66015,"[Graceful Vice Commander] Asuna","Asuna","","",""
66016,"[Lovely Eternal Summer Warrior] Asuna","Asuna","","",""
66017,"[Conqueror of Love] Administrator","Administrator","","",""
66018,"[Heir to the Sword] Asuna","Asuna","","",""
66021,"[I Will Protect You] Asuna","Asuna","","",""
66022,"[Feelings Under the Helmet] Fanatio","Fanatio","","",""
66023,"[Divine Sword of the Guardian] Asuna","Asuna","","",""
66024,"[Goddess of Creation Stacia] Asuna","Asuna","","",""
66025,"[Integrity Knight Lightning Flash] Asuna","Asuna","","",""
66026,"[Plenty of Fortune] Ronie","Ronie","","",""
66027,"[Divine Flash] Makoto","Makoto","","",""
66028,"[Linking Bonds Sword God] Asuna","Asuna","","",""
66029,"[Captivating Songstress] Yuna","Yuna","","",""
66030,"[VR World Empress] Asuna","Asuna","","",""
66031,"[Blessed Appearance] Violet","Violet","","",""
66032,"[Silent Integrity Knight] Sheyta","Scheta","","",""
66033,"[Heir of Rosario] Asuna","Asuna","","",""
66034,"[Starry-Eyed Maiden] Ronie","Ronie","","",""
66035,"[Eternal Bond] Asuna","Asuna","","",""
66036,"[All-Loving] Asuna","Asuna","","",""
66037,"[Tropical Time] Asuna","Asuna","","",""
66038,"[Friendship and Adventure] Seven","Seven","","",""
66039,"[Power to Save] Asuna","Asuna","","",""
66040,"[Unstoppable Friendship] Asuna","Asuna","","",""
66041,"[High Pontifex] Administrator","Administrator","","",""
66042,"[Charming Pumpkin Maiden] Ronie","Ronie","","",""
66043,"[Alluring Black Cat] Tiese","Tiese","","",""
66044,"[Sparkling Fragrant Olive] Alice","Alice","","",""
66045,"[Lady Spider] Yui","Yui","","",""
66046,"[Serene Goddess of the East] Ronie","Ronie","skill_61201","skill_62201","skill_65146"
66047,"[Pure Heart] Ronie","Ronie","skill_61201","skill_65147","skill_6514701"
66048,"[Love All-Encompassing] Asuna","Asuna","skill_61201","skill_62201","skill_65148"
66049,"[Just Want to Be Me] Asuna","Asuna","skill_61201","skill_62201","skill_65149"
66050,"[Big Sister Energy] Lisbeth","Lisbeth","skill_61201","skill_62201","skill_65150"
66053,"[Floating Castle Lightning Flash] Asuna","Asuna","skill_61201","skill_62201","skill_65151"
82001,"Silica","Silica","skill_81101","skill_82101",""
82002,"Philia","Philia","skill_81101","skill_82202",""
82003,"Argo","Argo","skill_81101","skill_81201",""
82004,"Sasha","Sasha","skill_81101","skill_82101",""
83001,"[Party Mascot] Silica","Silica","skill_81101","skill_82101","skill_82102"
83002,"[Information Broker] Argo","Argo","skill_81101","skill_81201","skill_82102"
83003,"[Cait Sith Info Broker] Argo","Argo","skill_81101","skill_82101","skill_82202"
84001,"[Dragon Tamer] Silica","Silica","skill_81201","skill_82101","skill_83101"
84002,"[Treasure Hunter] Philia","Philia","skill_81201","skill_82102","skill_83102"
84003,"[Fairy Dragon Tamer] Silica","Silica","skill_81201","skill_82102","skill_83103"
84004,"[Cait Sith Cyclone] Silica","Silica","skill_81201","skill_82202","skill_83104"
84005,"[Pole and Line Fishing] Sima","Sima","skill_81201","skill_82101","skill_83107"
84006,"[Young Witch of the Old Castle] Silica","Silica","skill_81201","skill_82102","skill_83105"
84009,"[Beautiful Blossom] Silica","Silica","skill_81201","skill_82101","skill_83106"
84010,"[Yearning Blade] Silica","Silica","skill_81201","skill_82102","skill_83113"
84011,"[Nightwear] Asuna","Asuna","skill_81101","skill_82101","skill_82202"
84012,"[Merry Dragon Tamer] Silica","Silica","skill_81201","skill_82202","skill_83108"
84013,"[Silent Night Treasure Hunter] Philia","Philia","skill_81201","skill_82102","skill_83109"
84014,"[Pure Splendor] Silica","Silica","skill_81201","skill_82102","skill_83110"
84015,"[Platonic Love] Silica","Silica","skill_81201","skill_82101","skill_83112"
84016,"[Nightwear] Silica","Silica","skill_81201","skill_82102","skill_83111"
84017,"[Umbral Flight] Yuuki","Yuuki","skill_81201","skill_82102","skill_83115"
84018,"[Foxy Priestess] Silica","Silica","skill_81201","skill_82102","skill_83118"
84022,"[Augmented Tamer] Silica","Silica","skill_81201","skill_82101","skill_83114"
84023,"[Victorious Girl] Sinon","Sinon","skill_81201","skill_82102","skill_83116"
84024,"[Young Idol] Silica","Silica","skill_81201","skill_82202","skill_83119"
84025,"[Ephemeral Feelings] Leafa","Leafa","skill_81201","skill_82102","skill_83120"
84026,"[Omniscient Maid] Seven","Seven","","",""
84027,"[Flower Peach Baby] Silica","Silica","skill_81201","skill_82102","skill_83117"
84028,"[Pure Hunter Soul] Philia","Philia","skill_81201","skill_82101","skill_83123"
84029,"[Blessed Breath] Silica","Silica","skill_81201","skill_82101","skill_83122"
84030,"[Attention Please] Silica","Silica","skill_81201","skill_82202","skill_83124"
84031,"[Tropical Lover] Asuna","Asuna","skill_81201","skill_82101","skill_83125"
84032,"[Promise of Reunion] Philia","Philia","skill_81201","skill_82102","skill_83126"
84033,"[Dusk Lespedeza] Suguha","Suguha","","",""
84034,"[Sunflower Girl] Silica","Silica","skill_81201","skill_82102","skill_83128"
84035,"[Intuitive Navigator] Yuuki","Yuuki","skill_81201","skill_82102","skill_83129"
84037,"[Girl in Chinese Dress] Silica","Silica","skill_81201","skill_82101","skill_84107"
85001,"[Ingenuous Guardian] Silica","Silica","skill_81201","skill_82102","skill_84101"
85002,"[Witchy Kitty] Silica","Silica","skill_81201","skill_82202","skill_84102"
85003,"[Go for the Top] Yui","Yui","skill_81201","skill_82202","skill_84103"
85004,"[Autumn Leaf Bath Beauty] Silica","Silica","skill_81201","skill_82202","skill_84104"
85005,"[Holy Tamer] Silica","Silica","skill_81201","skill_82202","skill_84105"
85006,"[Auspicious Blue Sky] Silica","Silica","skill_81201","skill_82202","skill_84106"
85007,"[Lovely Chocolatier] Silica","Silica","skill_81201","skill_82202","skill_84108"
85009,"[Girl in Chinese Dress] Silica","Silica","skill_81201","skill_82101","skill_84107"
85010,"[Cute Bunny] Sinon","Sinon","skill_81201","skill_82202","skill_84110"
85011,"[Keep Trying] Yui","Yui","skill_81201","skill_82101","skill_84109"
85012,"[I'm not a kid] Asuna","Asuna","skill_81201","skill_82202","skill_84113"
85013,"[Unrequited Love] Suguha","Suguha","skill_81201","skill_82202",""
85014,"[Treasure Hunter's Blessing] Philia","Philia","skill_81201","skill_82102","skill_84112"
85015,"[Pole and Line Fishing] Sima","Sima","skill_81201","skill_82101","skill_83107"
85016,"[Tropical Fruit] Silica","Silica","skill_81201","skill_82101","skill_84115"
85017,"[Foxy Priestess] Silica","Silica","","",""
85018,"[Halloween Magic] Silica","Silica","skill_81201","skill_82101","skill_85102"
85020,"[Peach Blossom in Full Glory] Philia","Philia","skill_81201","skill_82101","skill_85107"
85028,"[Easter Bunny] Silica","Silica","skill_81201","skill_82101","skill_85118"
86002,"[Baleful Magic Swordsman] Leafa","Leafa","skill_81201","skill_82202","skill_85103"
86003,"[Halloween Magic] Silica","Silica","skill_81201","skill_82101","skill_85102"
86004,"[Hot Spring Angel] Asuna","Asuna","skill_81201","skill_82202","skill_85104"
86005,"[The Courage to Surmount] Silica","Silica","skill_81201","skill_82202","skill_85105"
86006,"[Tamer of Dragon Den] Silica","Silica","skill_81201","skill_82202","skill_85106"
86007,"[Peach Blossom in Full Glory] Philia","Philia","skill_81201","skill_82101","skill_85107"
86008,"[Milky Angel] Asuna","Asuna","skill_81201","skill_82101","skill_85108"
86009,"[Ice Magic Blade] Yuuki","Yuuki","skill_81201","skill_82202","skill_85109"
86010,"[Enchanting Eternal Summer Warrior] Leafa","Leafa","skill_81201","skill_82202","skill_85111"
86011,"[Treading A New Path] Silica","Silica","skill_81201","skill_82202","skill_85112"
86013,"[Rosy Cheeks] Tiese","Tiese","skill_81201","skill_82202","skill_85113"
86014,"[Prayers for Good Heath] Alice","Alice","skill_81201","skill_82202","skill_85114"
86015,"[Cat's Fierce Gaze] Panther","Panther","skill_81201","skill_82202","skill_85115"
86016,"[Bashful Bunny] Silica","Silica","skill_81201","skill_82202","skill_85116"
86017,"[Undying Love] Tiese","Tiese","skill_81201","skill_82202","skill_85117"
86018,"[Resort Life] Yuuki","Yuuki","skill_81201","skill_82202","skill_85119"
86019,"[Easter Bunny] Silica","Silica","skill_81201","skill_82101","skill_85118"
86020,"[Friendly Beast Tamer] Silica","Silica","skill_81201","skill_82202","skill_85120"
86021,"[Bewitching Sorceress] Sortiliena","Sortiliena","skill_81201","skill_82202","skill_85121"
86022,"[Lovely Holiday Dress] Yuuki","Yuuki","skill_81201","skill_82202","skill_85122"
86023,"[Cleansing New Year's Game] Sinon","Sinon","skill_81201","skill_85123","skill_8512301"
86024,"[THE CHARIOT] Sinon","Sinon","skill_81201","skill_82202","skill_85124"
86025,"[Your Partner] Koharu","Koharu","skill_81201","skill_82202","skill_85125"
86026,"[Seductive Teacher] Administrator","Administrator","skill_81201","skill_82202","skill_85126"
86027,"[Cute Baby Sister Maid] Silica","Silica","skill_81201","skill_85127","skill_8512701"
86028,"[THE EMPRESS] Asuna","Asuna","skill_81201","skill_82202","skill_85128"
92001,"Agil","Agil","skill_91101","skill_92202",""
92002,"Kibaou","Kibaou","skill_91101","skill_92101",""
92003,"Kagemune","Kagemune","skill_91101","skill_92101",""
93001,"[Stalwart Tank] Agil","Agil","skill_91101","skill_91201","skill_92201"
94001,"[Brawny Axeman] Agil","Agil","skill_91201","skill_92101","skill_93101"
94003,"[Explosive Axe] Agil","Agil","skill_91101","skill_92202","skill_93119"
95001,"[Band Together] Agil","Agil","skill_91101","skill_92202","skill_94103"
96001,"[Lightning Emblem] Skull","Skull","skill_91201","skill_92201","skill_95109"
102001,"Lisbeth","Lisbeth","skill_101101","skill_102201",""
102002,"Rosalia","Rosalia","skill_101101","skill_101201",""
103001,"[Mysterious Warrior] Yuuki","Yuuki","skill_101101","skill_102101","skill_102201"
103002,"[Apprentice Blacksmith] Lisbeth","Lisbeth","skill_101101","skill_102101","skill_102202"
104001,"[Mace Master] Lisbeth","Lisbeth","skill_101201","skill_102202","skill_103102"
104002,"[Fairy Blacksmith] Lisbeth","Lisbeth","skill_101201","skill_102101","skill_103103"
104003,"[Stormbringer] Lisbeth","Lisbeth","skill_101201","skill_102201","skill_103104"
104004,"[Gremlins at Midnight] Asuna","Asuna","skill_101101","skill_102201","skill_103105"
104005,"[Vampire Empress] Lisbeth","Lisbeth","skill_101201","skill_102202","skill_103106"
104006,"[Tomboy Queen] Yuuki","Yuuki","skill_101101","skill_102201","skill_103111"
104007,"[Knight of the Gods] Strea","Strea","skill_101101","skill_102101","skill_103108"
104009,"[Harvest Priestess] Lisbeth","Lisbeth","skill_101101","skill_102202","skill_103107"
104010,"[Genius of Swordsmith] Lisbeth","Lisbeth","skill_101201","skill_102202","skill_103113"
104011,"[Christmas Artisan] Lisbeth","Lisbeth","skill_101101","skill_102201","skill_103109"
104012,"[Bringer of Spring] Lisbeth","Lisbeth","skill_102101","skill_102202","skill_103110"
104013,"[Queen of chef] Rechka","Rechka","skill_101101","skill_102201","skill_103114"
104015,"[Nightwear] Lisbeth","Lisbeth","","",""
104016,"[Dark Dancer] Lisbeth","Lisbeth","skill_101101","skill_102202","skill_103116"
104018,"[Efficient Smith] Lisbeth","Lisbeth","skill_101101","skill_102202","skill_103117"
104019,"[Demon Leader] Sinon","Sinon","skill_101101","skill_101201","skill_103115"
104020,"[Shouting Cheers] Silica","Silica","skill_101101","skill_102201","skill_103118"
104021,"[Fascinating MC Performer] Lisbeth","Lisbeth","skill_101101","skill_102202","skill_103120"
104022,"[My Little Lover] Silica","Silica","skill_101101","skill_102201","skill_103122"
104023,"[Fledgling Tweeny] Yuuki","Yuuki","skill_101101","skill_102202","skill_103123"
104024,"[Born in Sakura Season] Yui","Yui","skill_101101","skill_102202","skill_103121"
104025,"[Smile on Waterfront] Lisbeth","Lisbeth","skill_101101","skill_102201","skill_103124"
104026,"[Bouquet Toss] Yuuki","Yuuki","skill_101101","skill_102202","skill_103125"
104027,"[Genius Creator] Yuuki","Yuuki","skill_101101","skill_102201","skill_103128"
104029,"[Summer Sunshine] Lisbeth","Lisbeth","skill_101101","skill_102202","skill_103129"
104030,"[Roller Waitress] Yuna","Yuna","skill_101101","skill_102201","skill_103127"
104031,"[Abounding Spring Water] Strea","Strea","skill_101101","skill_102202","skill_104104"
104032,"[The Oracle Prophet] Yui","Yui","skill_101101","skill_102201","skill_104112"
105001,"[Vampire in Love] Yuuki","Yuuki","skill_101101","skill_102201","skill_104102"
105002,"[Abounding Spring Water] Strea","Strea","skill_101101","skill_102202","skill_104104"
105003,"[Harmony Keeper] Lisbeth","Lisbeth","skill_101101","skill_102201","skill_104101"
105004,"[Thoughts on Snowfall] Lisbeth","Lisbeth","skill_101101","skill_102201","skill_104105"
105005,"[Fly a Shuttlecock with My Heart] Lisbeth","Lisbeth","skill_101101","skill_102201","skill_104106"
105007,"[Pure Hearted Chocolatier] Lisbeth","Lisbeth","skill_101101","skill_102201","skill_104108"
105008,"[Constant Love] Asuna","Asuna","skill_101101","skill_102201","skill_104107"
105009,"[Bringer of Spring] Lisbeth","Lisbeth","skill_102101","skill_102202","skill_103110"
105010,"[Groovy Sound] Lisbeth","Lisbeth","skill_101101","skill_102202","skill_104109"
105011,"[Hopeful Smile] Lisbeth","Lisbeth","skill_101101","skill_102201","skill_104110"
105012,"[Shine Parasol] Lisbeth","Lisbeth","skill_101101","skill_102201","skill_104111"
105013,"[The Oracle Prophet] Yui","Yui","skill_101101","skill_102201","skill_104112"
105014,"[Queen of chef] Rechka","Rechka","skill_101101","skill_102201","skill_103114"
105016,"[Genius Creator] Yuuki","Yuuki","skill_101101","skill_102201","skill_103128"
105017,"[Melting in the Mouth] Strea","Strea","skill_101101","skill_102201","skill_105104"
105020,"[Sweet Allure] Suguha","Suguha","skill_101101","skill_102201","skill_105107"
105021,"[Cute MC Performer] Lisbeth","Lisbeth","skill_101101","skill_102202","skill_10312002"
106002,"[Fiery Ogre Girl] Lisbeth","Lisbeth","skill_101101","skill_102201","skill_105102"
106003,"[The Strength of Friendship] Lisbeth","Lisbeth","skill_101101","skill_102202","skill_105103"
106004,"[Melting in the Mouth] Strea","Strea","skill_101101","skill_102201","skill_105104"
106005,"[Tomboy Cat Fairy] Sinon","Sinon","skill_101101","skill_102201","skill_105105"
106007,"[Rescuing A Friend] Lisbeth","Lisbeth","skill_101101","skill_102201","skill_105106"
106008,"[Sweet Allure] Suguha","Suguha","skill_101101","skill_102201","skill_105107"
106009,"[Judge's Iron Hammer] Lisbeth","Lisbeth","skill_101101","skill_102201","skill_105110"
106010,"[Earth-Shattering Beast] Lisbeth","Lisbeth","skill_101101","skill_102201","skill_105111"
106011,"[Starry Server] Tiese","Tiese","skill_101101","skill_102201","skill_105114"
106012,"[Friendly Master Blacksmith] Lisbeth","Lisbeth","skill_101101","skill_102201","skill_105112"
106013,"[Dancing Snowman] Lisbeth","Lisbeth","skill_101101","skill_102201","skill_105113"
106014,"[Vivacious Girl] Yuuki","Yuuki","skill_101101","skill_102201","skill_105115"
106015,"[Devoted Worker Maid] Sachi","Sachi","skill_101101","skill_102201","skill_105116"
122001,"Sinon","Sinon","skill_121101","skill_121102",""
123001,"[World of Guns] Sinon","Sinon","skill_121101","skill_121201","skill_121202"
124001,"[Goddess of Death] Sinon","Sinon","skill_121101","skill_121102","skill_123101"
124002,"[Gunner of the Gods] Sinon","Sinon","skill_121101","skill_121102","skill_123102"
124004,"[Silent Night Goddess] Sinon","Sinon","skill_121102","skill_121202","skill_123103"
124005,"[Death Bullet] Sinon","Sinon","skill_121101","skill_121102","skill_123105"
124007,"[Nightwear] Sinon","Sinon","skill_121102","skill_121202","skill_123104"
124009,"[Progressive Gunner] Sinon","Sinon","skill_121102","skill_121202","skill_123106"
124010,"[Dangerous Kiss] Sinon","Sinon","skill_121102","skill_121202","skill_123107"
124011,"[Novice Police] Sinon","Sinon","skill_121102","skill_121202","skill_123109"
124012,"[Fiery Morning Glory] Sinon","Sinon","skill_121102","skill_121202","skill_123110"
124013,"[Mischievous Summer Chick] Sinon","Sinon","skill_121102","skill_121202","skill_123111"
124014,"[Great Sniper on the Lookout] Sinon","Sinon","skill_121101","skill_121202","skill_123112"
125001,"[Spider Witch] Sinon","Sinon","skill_121101","skill_121202","skill_124101"
125002,"[Sniper in Love] Sinon","Sinon","skill_121102","skill_121202","skill_124102"
125005,"[Perfect Play] Sinon","Sinon","skill_121101","skill_121202","skill_124104"
125006,"[Clear a path for your future] Sinon","Sinon","skill_121102","skill_121202","skill_124103"
125007,"[Leaning on My Fellow Soldier] Sinon","Sinon","skill_121102","skill_121202","skill_124106"
125008,"[Magical Bullet] Leafa","Leafa","skill_121102","skill_121202","skill_124114"
125009,"[Sparkling Gunner] Sinon","Sinon","skill_121102","skill_121202","skill_124105"
126001,"[Twinkle Hearts] Silica","Silica","skill_121102","skill_121202","skill_125101"
126003,"[Tie the Knot] Asuna","Asuna","skill_121102","skill_121202","skill_125103"
126004,"[Hidden Passion] Sinon","Sinon","skill_121101","skill_121102","skill_125104"
126005,"[Winning Procedure] Sinon","Sinon","skill_121102","skill_121202","skill_125102"
126006,"[Strength to Change Oneself] Sinon","Sinon","skill_121102","skill_121202","skill_125105"
126007,"[VR World High Priestess] Sinon","Sinon","skill_121102","skill_121202","skill_125107"
126008,"[Condemning Trigger] Sinon","Sinon","skill_121102","skill_121202","skill_125106"
126009,"[Silent Fighting Spirit] Sinon","Sinon","skill_121102","skill_121202","skill_125109"
126010,"[Comrades in Arms] Sinon","Sinon","skill_121102","skill_121202","skill_125108"
126011,"[Letting Go of the Past] Sinon","Sinon","skill_121101","skill_121202","skill_125110"
126012,"[Sweet School Beauty] Asuna","Asuna","skill_121101","skill_121202","skill_125111"
126014,"[Ruler of the Steel World] Sinon","Sinon","skill_121102","skill_121202","skill_125113"
143001,"[Cat-Eared Archer] Sinon","Sinon","skill_141101","skill_141201","skill_141202"
143002,"[Agile Kitty] Silica","Silica","skill_141101","skill_141102","skill_141201"
143003,"[Spriggan Seeker] Philia","Philia","skill_141101","skill_141102","skill_141202"
143004,"Sakuya","Sakuya","skill_141101","skill_141201","skill_141202"
144001,"[Cool-Headed Sniper] Sinon","Sinon","skill_141101","skill_141202","skill_143101"
144002,"[Gremlin Attack] Sinon","Sinon","skill_141101","skill_141102","skill_143102"
144004,"[Flowering Valkyrie] Sinon","Sinon","skill_141101","skill_141201","skill_141202"
144005,"[Springtime Sniper] Sinon","Sinon","skill_141101","skill_141202","skill_143104"
144006,"[Choleric Cupid] Sinon","Sinon","skill_141101","skill_141202","skill_143105"
144008,"[Cheer of Love] Asuna","Asuna","skill_141101","skill_141202","skill_143106"
144009,"[Free Style Artist] Sinon","Sinon","skill_141101","skill_141201","skill_143107"
144010,"[Stillroom Maid] Sinon","Sinon","skill_141101","skill_141202","skill_143109"
144011,"[blossom of youth] Philia","Philia","skill_141101","skill_141202","skill_143108"
144012,"[Stiletto heel Bride] Sinon","Sinon","skill_141101","skill_141201","skill_143110"
144013,"[Indoor Gamer] Sakuya","Sakuya","skill_141102","skill_141201","skill_143111"
144014,"[Korean Dress in Breeze] Sinon","Sinon","skill_141101","skill_141202","skill_144105"
144015,"[Spirited Chocolatier] Philia","Philia","skill_141101","skill_141202","skill_144106"
145001,"[The Archer - overcoming the past] Sinon","Sinon","skill_141101","skill_141201","skill_144101"
145002,"[Snow Sniper] Sinon","Sinon","skill_141101","skill_141202","skill_144103"
145003,"[Swing a Battledore with Love] Sinon","Sinon","skill_141101","skill_141202","skill_144104"
145004,"[The Wild Joker] Sinon","Sinon","skill_141101","skill_141201","skill_144102"
145005,"[Spirited Chocolatier] Philia","Philia","skill_141101","skill_141202","skill_144106"
145006,"[Korean Dress in Breeze] Sinon","Sinon","skill_141101","skill_141202","skill_144105"
145007,"[Youthful Days] Asuna","Asuna","skill_141101","skill_141202","skill_144107"
145008,"[Sky Bow] Sinon","Sinon","skill_141101","skill_141202","skill_144108"
145010,"[Flowering Valkyrie] Sinon","Sinon","skill_141101","skill_141201","skill_141202"
145013,"[Hungry Santa] Yui","Yui","skill_141102","skill_141201","skill_14511101"
145015,"[Soaring Bow] Sinon","Sinon","skill_141101","skill_141202","skill_14410802"
146001,"[The World Linking Arrow] Sinon","Sinon","skill_141101","skill_141201","skill_144109"
146002,"[Red Flash Divine Archer] Sinon","Sinon","skill_141101","skill_141202","skill_145102"
146003,"[Tsukuyomi] Sinon","Sinon","skill_141101","skill_141202","skill_145103"
146004,"[Magical Archer] Sinon","Sinon","skill_141101","skill_141202","skill_145104"
146005,"[Pure Princess] Asuna","Asuna","","",""
146006,"[Freezing Magic Bow] Asuna","Asuna","","",""
146007,"[Long Range Archer] Sinon","Sinon","skill_141101","skill_141202","skill_145106"
146008,"[Flushed Skin] Ronie","Ronie","skill_141101","skill_141202","skill_145108"
146009,"[Divine Bow of Benevolence] Silica","Silica","skill_141101","skill_141202","skill_145109"
146010,"[Clairvoyant Integrity Knight] Sinon","Sinon","skill_141101","skill_141202","skill_145112"
146012,"[Hungry Santa] Yui","Yui","","",""
146013,"[Welcoming the New Year] Asuna","Asuna","skill_141101","skill_141202","skill_145113"
146014,"[Win Big Bunny] Suguha","Suguha","skill_141101","skill_141202","skill_145114"
146015,"[Fiery Arrow Cadaver] Alice","Alice","skill_141101","skill_141202","skill_145115"
146016,"[Sun Goddess Solus] Sinon","Sinon","skill_141101","skill_141202","skill_145110"
146017,"[Swift Fox Flame] Suguha","Suguha","skill_141101","skill_141202","skill_145116"
146018,"[Under the Blazing Sun] Ronie","Ronie","skill_141101","skill_141202","skill_145118"
146020,"[Crashing Waves] Strea","Strea","skill_141101","skill_141202","skill_145120"
146021,"[All-Piercing] Sinon","Sinon","","",""
146022,"[Piercing Eye] Sinon","Sinon","skill_141101","skill_141201","skill_145122"
146023,"[If Flowers Could Speak] Sinon","Sinon","skill_141101","skill_141202","skill_145119"
146024,"[Cheerful Chime] Yuuki","Yuuki","skill_141101","skill_145123","skill_14512301"
146025,"[Charming Heart] Alice","Alice","skill_141101","skill_145124","skill_14512401"
146026,"[WHEEL OF FORTUNE] Rain","Rain","skill_141102","skill_141201","skill_145125"
146027,"[Precious Moment] Asuna","Asuna","skill_141101","skill_141202","skill_145126"
146028,"[Stroke of Heaven's Light] Sinon","Sinon","skill_141101","skill_141202","skill_145127"
146029,"[Carefree Bride] Eydis","Eydis","skill_141101","skill_141201","skill_145128"
163001,"[Wind Mage] Leafa","Leafa","skill_161101","skill_161102","skill_161201"
163002,"[The Young Pooka] Seven","Seven","skill_161101","skill_161102","skill_161201"
163003,"Alicia Rue","Alicia Rue","","",""
163004,"Siune","Siune","skill_161101","skill_161102","skill_161201"
164001,"[Star Scientist] Seven","Seven","skill_161102","skill_161201","skill_163101"
164002,"[Undine Healer] Asuna","Asuna","skill_161102","skill_161201","skill_163101"
164003,"[Captive Princess] Asuna","Asuna","skill_161101","skill_161102","skill_161201"
164004,"[Priestess of the Winds] Leafa","Leafa","skill_161102","skill_161201","skill_163102"
164005,"[Rejoicing Witch] Leafa","Leafa","skill_161101","skill_161102","skill_161201"
164006,"[Mage of the Gods] Asuna","Asuna","skill_161102","skill_161201","skill_163104"
164007,"[Symphony of the Sea] Seven","Seven","skill_161102","skill_161201","skill_163106"
164010,"[Protector of Eden] Leafa","Leafa","skill_161102","skill_161201","skill_163103"
164011,"[Love Raconteur] Leafa","Leafa","skill_161102","skill_161201","skill_163101"
164012,"[Beautiful Battledore Player] Leafa","Leafa","skill_161102","skill_161201","skill_163105"
164013,"[Swift Fast Heroine] Leafa","Leafa","skill_161101","skill_161201","skill_163108"
164014,"[Dragon Caster] Silica","Silica","skill_161102","skill_161201","skill_163107"
164016,"[Hit Idol of Love and Effort] Asuna","Asuna","skill_161102","skill_161201","skill_163109"
164017,"[Eccentric Riding Hood] Yuuki","Yuuki","skill_161101","skill_161102","skill_163110"
164018,"[Kitchen Maid] Asuna","Asuna","skill_161102","skill_161201","skill_163111"
165001,"[Midnight Temptation] Asuna","Asuna","skill_161102","skill_161201","skill_164101"
165002,"[Rejoicing Witch] Leafa","Leafa","skill_161101","skill_161102","skill_161201"
165003,"[Visitor in Snow] Leafa","Leafa","skill_161102","skill_161201","skill_164102"
165004,"[Sacred Dance] Yui","Yui","skill_161102","skill_161201","skill_164104"
165005,"[Realization of Big Wishes] Leafa","Leafa","skill_161102","skill_161201","skill_164103"
165006,"[Captive Princess] Asuna","Asuna","skill_161101","skill_161102","skill_161201"
165007,"[Accompanied By Animals] Sinon","Sinon","skill_161102","skill_161201","skill_164105"
165008,"[Innocent Puppy] Leafa","Leafa","skill_161102","skill_161201","skill_164106"
165009,"[Sweet Voice] Asuna","Asuna","","",""
165010,"[Foreign Girl] Silica","Silica","skill_161102","skill_16120101","skill_164108"
165011,"[The Brave War God] Leafa","Leafa","skill_161102","skill_161201","skill_164109"
165012,"[Navigation Pixie] Thokk","Thokk","skill_161102","skill_161201","skill_165101"
165015,"[Cuddling Gremlins] Yui","Yui","skill_161102","skill_161201","skill_165104"
165019,"[Creator of the New World] Thokk","Thokk","skill_161102","skill_161201","skill_165106"
165020,"[Sincere Heart] Selka","Selka","skill_161102","skill_161201","skill_165109"
166001,"[Shining Look] Alice","Alice","skill_161102","skill_161201","skill_165102"
166002,"[Navigation Pixie] Thokk","Thokk","skill_161102","skill_161201","skill_165101"
166004,"[Cuddling Gremlins] Yui","Yui","skill_161102","skill_161201","skill_165104"
166005,"[Another Master Priest] Cardinal","Cardinal","skill_161102","skill_161201","skill_165105"
166006,"[Creator of the New World] Thokk","Thokk","skill_161102","skill_161201","skill_165106"
166007,"[Apprentice Nun] Selka","Selka","skill_161102","skill_161201","skill_165108"
166008,"[Sincere Heart] Selka","Selka","skill_161102","skill_161201","skill_165109"
166009,"[Long-Haired Songstress] Leafa","Leafa","skill_161102","skill_161201","skill_165110"
166010,"[The Perfect White Dress] Alice","Alice","","",""
166011,"[Star Festival Prayer] Tiese","Tiese","skill_161102","skill_161201","skill_165112"
166012,"[Yuletide Glamor] Suguha","Suguha","skill_161102","skill_161201","skill_165113"
166013,"[Ascending Goddess of the South] Tiese","Tiese","skill_161102","skill_161201","skill_165114"
166014,"[Heartfelt Gift] Sortiliena","Sortiliena","skill_161102","skill_161201","skill_165115"
184001,"[Libra] Asuna","Asuna","skill_181101","skill_182101","skill_183102"
184002,"[Leo] Sinon","Sinon","skill_181101","skill_182101","skill_183101"
184003,"[Spartan Female Teacher] Strea","Strea","","",""
184005,"[Kagura Dance] Premiere","Premiere","skill_181101","skill_182101","skill_183110"
184006,"[Midsummer Babe] Suguha","Suguha","skill_181101","skill_182101","skill_183109"
184007,"[Brave Lance] Sachi","Sachi","skill_181101","skill_182101","skill_183106"
184008,"[Zinnia Melody] Seven","Seven","skill_181101","skill_182101","skill_183108"
184010,"[Wacky Happy Halloween] Lisbeth","Lisbeth","","",""
184011,"[Santa is coming] Seven","Seven","skill_181101","skill_182101","skill_184105"
184012,"[Knight Princess] Sinon","Sinon","skill_181101","skill_182101","skill_184111"
185001,"[Never Give Up] Lisbeth","Lisbeth","skill_181101","skill_182101","skill_184101"
185002,"[Wacky Happy Halloween] Lisbeth","Lisbeth","skill_181101","skill_182101","skill_184103"
185003,"[Looking Back Beauty] Sinon","Sinon","skill_181101","skill_182101","skill_184102"
185004,"[Snow Blessings] Sachi","Sachi","skill_181101","skill_182101","skill_184104"
185005,"[The Unexpected] Sinon","Sinon","skill_181101","skill_182101","skill_184106"
185006,"[Santa is coming] Seven","Seven","skill_181101","skill_182101","skill_184105"
185007,"[The Coveted Life] Yuuki","Yuuki","","",""
185008,"[Flying Without Wings] Leafa","Leafa","skill_181101","skill_182101","skill_184107"
185009,"[Funky Play] Yuuki","Yuuki","skill_181101","skill_182101","skill_184109"
185010,"[Talented Woman's Blessing] Seven","Seven","skill_181101","skill_182101","skill_184110"
185011,"[Knight Princess] Sinon","Sinon","skill_181101","skill_182101","skill_184111"
185012,"[The Death Queen] Sinon","Sinon","skill_181101","skill_182101","skill_184113"
185013,"[Beach Lancer] Leafa","Leafa","skill_181101","skill_182101","skill_184112"
185014,"[Shokan Ninjutsu] Argo","Argo","skill_181101","skill_182101","skill_185103"
185015,"[Pure Bride] Sachi","Sachi","skill_181101","skill_182101","skill_185107"
185017,"[Seaside Daughter] Yui","Yui","skill_181101","skill_182101","skill_185110"
185018,"[Relaxing Bath Time] Yuuki","Yuuki","skill_181101","skill_182101","skill_185111"
186001,"[Moonlit Lark] Asuna","Asuna","","",""
186002,"[Helheim King] Makoto","Makoto","skill_181101","skill_182101","skill_185102"
186003,"[Moonlight Maiden] Suguha","Suguha","skill_181101","skill_182101","skill_185104"
186004,"[Shokan Ninjutsu] Argo","Argo","skill_181101","skill_182101","skill_185103"
186005,"[Innocent Hina Doll] Suguha","Suguha","skill_181101","skill_182101","skill_185105"
186006,"[Twilight Kiss] Alice","Alice","skill_181101","skill_182101","skill_185106"
186007,"[Pure Bride] Sachi","Sachi","skill_181101","skill_182101","skill_185107"
186008,"[Photon Voice Fluttering in the Wind] Seven","Seven","skill_181101","skill_182101","skill_185109"
186009,"[Seaside Daughter] Yui","Yui","skill_181101","skill_182101","skill_185110"
186010,"[Divine Spear of Prayer] Leafa","Leafa","skill_181101","skill_182101","skill_185112"
186011,"[Relaxing Bath Time] Yuuki","Yuuki","skill_181101","skill_182101","skill_185111"
186012,"[Rejoice the New Year] Tiese","Tiese","skill_181101","skill_182101","skill_185113"
186013,"[Red-Winged Goddess] Yuuki","Yuuki","skill_181101","skill_182101","skill_185114"
186014,"[Innocent Mermaid] Asuna","Asuna","skill_181101","skill_182101","skill_185115"
186015,"[Spearhead from the Abyss] Yuuki","Yuuki","skill_181101","skill_182101","skill_185116"
186016,"[Is This Love] Sortiliena","Sortiliena","skill_181101","skill_182101","skill_185117"
186017,"[Beach Beauty] Alice","Alice","skill_181101","skill_182101","skill_185118"
186018,"[Beach Vibes] Leafa","Leafa","skill_181101","skill_182101","skill_185119"
186019,"[Devilish Castle Mistress] Asuna","Asuna","skill_181101","skill_182101","skill_185120"
186020,"[Bringing Joyful Info] Argo","Argo","skill_181101","skill_182101","skill_185121"
186021,"[Lucky Fortune] Asuna","Asuna","skill_181101","skill_185122","skill_18512201"
186022,"[Alluring Ruler] Administrator","Administrator","skill_181101","skill_185123","skill_18512301"
186023,"[Melty Heart] Tiese","Tiese","skill_181101","skill_185124","skill_18512401"
186024,"[Longing for Then] Yuuki","Yuuki","skill_181101","skill_182101","skill_185125"
186025,"[Healing Caretaker Maid] Asuna","Asuna","skill_181101","skill_185126","skill_18512601"
186026,"[Determined Bride] Alice","Alice","","",""
194001,"[Holy Sword] Heathcliff","Heathcliff","skill_191101","skill_192101","skill_193101"
195001,"[Holy Sword] Heathcliff","Heathcliff","skill_191101","skill_192101","skill_193101"
195002,"[Knights of the Blood] Kirito","Kirito","skill_191101","skill_192101","skill_194102"
195003,"[Ultimate Defence] Heathcliff","Heathcliff","skill_191101","skill_192101","skill_194103"
196001,"[Sharing This Moment] Nautilus","Nautilus","skill_191101","skill_192101","skill_195101"
196002,"[Unyielding Warrior] Kirito","Kirito","skill_191101","skill_192101","skill_195102"
196003,"[Star Festival Oath] Eugeo","Eugeo","skill_191101","skill_192101","skill_195103"
196004,"[Patron God of the North] Eugeo","Eugeo","skill_191101","skill_192101","skill_195104"
196005,"[Treasure-Hungry Pirate Knight] Eugeo","Eugeo","skill_191101","skill_192101","skill_195105"
196006,"[Friendly Math Teacher] Klein","Klein","","",""
216001,"[Honest Gunner in the Wild] Eugeo","Eugeo","skill_211101","skill_212101","skill_215106"
216002,"[Cruel Spirit] Subtilizer","Subtilizer","skill_211101","skill_212101","skill_215112"
216003,"[Cheerful Young Man] Kirito","Kirito","skill_211101","skill_212101","skill_215115"
224001,"[Cool Screw] Waals","Waals","skill_221103","skill_221104","skill_224108"
224002,"[Little Gunner] Fukaziroh","Fukaziroh","skill_221104","skill_221203","skill_224111"
224003,"[Queen of Wonderland] Alice","Alice","skill_221101","skill_221203","skill_224119"
225001,"[Flash Shooter] Asuna","Asuna","skill_221101","skill_221103","skill_224101"
225002,"[Gale Gunner] Leafa","Leafa","skill_221103","skill_221104","skill_224102"
225003,"[Dragon Tamer in the Wild] Silica","Silica","skill_221104","skill_221203","skill_224104"
225004,"[Stout Heart in the World of Steel] Lisbeth","Lisbeth","skill_221101","skill_221204","skill_224103"
225005,"[Itsy-Bitsy Heroine] LLENN","LLENN","skill_221101","skill_221103","skill_224106"
225006,"[Toxic Beauty] Pitohui","Pitohui","skill_221103","skill_221204","skill_224107"
225009,"[Seeking Strength] Kureha","Kureha","skill_221101","skill_221103","skill_224105"
225010,"[Cool Screw] Waals","Waals","skill_221103","skill_221104","skill_224108"
225011,"[Little Beauty] LLENN","LLENN","skill_221104","skill_221203","skill_224113"
225012,"[Charming Look] Pitohui","Pitohui","skill_221103","skill_221204","skill_224114"
225013,"[Storm Baby] Fukaziroh","Fukaziroh","skill_221101","skill_221203","skill_224115"
225014,"[Little Gunner] Fukaziroh","Fukaziroh","skill_221104","skill_221203","skill_224111"
225015,"[Pink in Battle] LLENN","LLENN","skill_221104","skill_221203","skill_224109"
225016,"[Toxic Gun Master] Pitohui","Pitohui","skill_221101","skill_221204","skill_224110"
225017,"[Charming Rider] Sinon","Sinon","skill_221101","skill_221103","skill_224112"
225019,"[MHCP on the Frontline] Strea","Strea","skill_221101","skill_221204","skill_224118"
225025,"[Queen of Wonderland] Alice","Alice","skill_221101","skill_221203","skill_224119"
225027,"[Santa Surprise] LLENN","LLENN","skill_221101","skill_221103","skill_225103"
225028,"[Parachute Reindeer] Fukaziroh","Fukaziroh","skill_221104","skill_221203","skill_225104"
225039,"[Smokey Blacksmith] Lisbeth","Lisbeth","skill_221103","skill_221104","skill_225109"
226001,"[Luminous Ornaments] Asuna","Asuna","skill_221101","skill_221103","skill_225101"
226002,"[Christmas Shooting Star] Leafa","Leafa","skill_221101","skill_221103","skill_225102"
226003,"[Santa Surprise] LLENN","LLENN","skill_221101","skill_221103","skill_225103"
226004,"[Parachute Reindeer] Fukaziroh","Fukaziroh","skill_221104","skill_221203","skill_225104"
226005,"[Noble Gunner in the Wild] Alice","Alice","skill_221104","skill_221204","skill_225105"
226006,"[Promised Happiness] Lisbeth","Lisbeth","skill_221101","skill_221204","skill_225107"
226007,"[Frontline Methods] Silica","Silica","skill_221101","skill_221204","skill_225110"
226008,"[Smokey Blacksmith] Lisbeth","Lisbeth","skill_221103","skill_221104","skill_225109"
226009,"[Fluffy Bunny] Umino","Umino","skill_221104","skill_221203","skill_225108"
226010,"[Girls' Day] Silica","Silica","skill_221101","skill_221204","skill_225113"
226011,"[Earnest Purity] Alice","Alice","skill_221101","skill_221103","skill_225114"
514001,"[Furinkazan] Klein","Klein","skill_11102","skill_12203","skill_13103"
514006,"[Faithful Swordsman] Klein","Klein","skill_11103","skill_12101","skill_13125"
514008,"[Born Genius] Eugeo","Eugeo","skill_11201","skill_12101","skill_13120"
514015,"[Hero's return] Kirito","Kirito","skill_11201","skill_12201","skill_13117"
524001,"[Storm Mage] Leafa","Leafa","skill_21201","skill_22204","skill_23101"
524002,"[Zekken] Yuuki","Yuuki","skill_21201","skill_22202","skill_23102"
524003,"[MHCP-002] Strea","Strea","skill_21201","skill_22202","skill_23104"
524004,"[Multi-Wielder] Rain","Rain","skill_21201","skill_22204","skill_23105"
524005,"[Zeppu] Yuuki","Yuuki","skill_21201","skill_22102","skill_23106"
524014,"[Unfulfilled Wish] Leafa","Leafa","skill_21201","skill_22202","skill_23116"
524015,"[Swordmaster] Yuuki","Yuuki","","",""
524016,"[Nightwear] Leafa","Leafa","skill_21101","skill_22102","skill_23112"
524017,"[Nightwear] Yuuki","Yuuki","skill_21201","skill_22102","skill_23113"
524018,"[Void Runner] Leafa","Leafa","skill_21201","skill_22102","skill_23121"
524019,"[Integrity Knight] Alice","Alice","skill_21201","skill_22102","skill_23119"
524028,"[Sparkling Teen Idol] Leafa","Leafa","skill_21201","skill_22102","skill_23128"
524029,"[Lightning Dance] Asuna","Asuna","skill_21101","skill_22202","skill_23130"
524030,"[Sakura Romance] Strea","Strea","skill_21201","skill_22102","skill_23129"
524031,"[Parlor Maid] Rain","Rain","skill_21201","skill_22102","skill_23131"
524033,"[Early Spring Dance] Argo","Argo","skill_21201","skill_22202","skill_23127"
524034,"[Summer Girl] Suguha","Suguha","skill_21201","skill_22102","skill_23134"
524035,"[Fragrant Olive in June] Alice","Alice","skill_21201","skill_22204","skill_23138"
524038,"[Aries] Leafa","Leafa","skill_21201","skill_22202","skill_23137"
524042,"[Golden Knight] Alice","Alice","skill_21201","skill_22102","skill_23132"
526024,"[Speedaholic] Leafa","Leafa","skill_21201","skill_22202","skill_25134"
526050,"[Morning Camisole] Alice","Alice","skill_21201","skill_22204","skill_25176"
526056,"[Barista in Bloom] Suguha","Suguha","skill_21201","skill_22204","skill_2517301"
534001,"[Black Swordsman] Kirito","Kirito","skill_31201","skill_32201","skill_33101"
534002,"[Skill Connect] Kirito","Kirito","skill_31201","skill_32202","skill_33102"
534004,"[Concealed Dualblades] Kirito","Kirito","skill_31201","skill_32202","skill_33105"
534007,"[True Black] Kirito","Kirito","skill_31201","skill_32202","skill_33106"
534008,"[Tropical Beach Boy] Kirito","Kirito","skill_31201","skill_32201","skill_33107"
544001,"[Raindrops Girl] Rain","Rain","skill_41201","skill_42201","skill_43107"
544002,"[Celestial Dancer] Yuuki","Yuuki","skill_41201","skill_42201","skill_43103"
544003,"[Blossom Shower] Rain","Rain","skill_41201","skill_42201","skill_43104"
564001,"[Lightning Flash] Asuna","Asuna","","",""
564005,"[Prestige Vice Commander] Asuna","Asuna","","",""
564008,"[Enchanting Love] Asuna","Asuna","","",""
564010,"[Shinobi Slash] Asuna","Asuna","","",""
564012,"[Heart of Confront] Asuna","Asuna","","",""
564018,"[Natural Pop Star] Yuuki","Yuuki","","",""
564020,"[Mellow Maid] Leafa","Leafa","","",""
564022,"[Pudding Rather Than Praise] Premier","Premiere","","",""
564025,"[Promise at that Time] Asuna","Asuna","","",""
564026,"[Gemini] Yuuki","Yuuki","","",""
564028,"[Sunny Summer Girl] Yuuki","Yuuki","","",""
564029,"[Starlight Prayer] Silica","Silica","","",""
564031,"[Healing Beauty] Asuna","Asuna","","",""
564032,"[Summer Night Shout] Leafa","Leafa","","",""
564034,"[Heart Flash] Asuna","Asuna","","",""
566015,"[Graceful Vice Commander] Asuna","Asuna","","",""
584001,"[Dragon Tamer] Silica","Silica","skill_81201","skill_82101","skill_83101"
584002,"[Treasure Hunter] Philia","Philia","skill_81201","skill_82102","skill_83102"
584010,"[Yearning Blade] Silica","Silica","skill_81201","skill_82102","skill_83113"
584015,"[Platonic Love] Silica","Silica","skill_81201","skill_82101","skill_83112"
584016,"[Nightwear] Silica","Silica","skill_81201","skill_82102","skill_83111"
584017,"[Umbral Flight] Yuuki","Yuuki","skill_81201","skill_82102","skill_83115"
584022,"[Augmented Tamer] Silica","Silica","skill_81201","skill_82101","skill_83114"
584024,"[Young Idol] Silica","Silica","skill_81201","skill_82202","skill_83119"
584026,"[Omniscient Maid] Seven","Seven","skill_81201","skill_82101","skill_83121"
584027,"[Flower Peach Baby] Silica","Silica","skill_81201","skill_82102","skill_83117"
584028,"[Pure Hunter Soul] Philia","Philia","skill_81201","skill_82101","skill_83123"
584032,"[Promise of Reunion] Philia","Philia","skill_81201","skill_82102","skill_83126"
584034,"[Sunflower Girl] Silica","Silica","skill_81201","skill_82102","skill_83128"
586026,"[Seductive Teacher] Administrator","Administrator","skill_81201","skill_82202","skill_8512601"
594001,"[Brawny Axeman] Agil","Agil","skill_91201","skill_92101","skill_93101"
594003,"[Explosive Axe] Agil","Agil","skill_91101","skill_92202","skill_93119"
615005,"[Promise at that Time] Kirito","Kirito","skill_11201","skill_12201","skill_14112"
615011,"[Strong Faith] Kirito","Kirito","skill_11201","skill_12101","skill_14127"
615012,"[Ordinal Number 2nd] Eiji","Eiji","skill_11201","skill_12201","skill_14114"
625001,"[The Blade - facing the feelings] Leafa","Leafa","skill_21201","skill_22204","skill_2315101"
625023,"[Feels like a big sis] Yuuki","Yuuki","skill_21201","skill_22102","skill_24135"
625031,"[The Spirit] Leafa","Leafa","skill_21201","skill_22202","skill_24144"
635001,"[The Will - transcending the system] Kirito","Kirito","skill_31201","skill_32201","skill_34101"
635004,"[Guide in Snow] Kirito","Kirito","skill_31201","skill_32202","skill_34105"
635008,"[Masked Swordsman] Kirito","Kirito","","",""
645003,"[Fluttering Petals] Rain","Rain","skill_41201","skill_42201","skill_44108"
645004,"[Summer Splash] Yuuki","Yuuki","skill_41201","skill_42201","skill_44110"
645012,"[Petals Dancing in the Breeze] Rain","Rain","skill_41201","skill_42201","skill_4410802"
645013,"[Beach Splash] Yuuki","Yuuki","skill_41201","skill_42201","skill_4411002"
665001,"[The Will - changing the fate] Asuna","Asuna","","",""
665020,"[Robust Faith] Asuna","Asuna","","",""
665021,"[Shifting Idol Singer] Yuna","Yuna","","",""
665023,"[Unrestrained Emotion] Asuna","Asuna","","",""
665028,"[Vindictive Blade] Asuna","Asuna","","",""
665060,"[Everlasting Love] Asuna","Asuna","","",""
685001,"[Ingenuous Guardian] Silica","Silica","skill_81201","skill_82102","skill_84101"
685012,"[I'm not a kid] Asuna","Asuna","skill_81201","skill_82202","skill_84113"
5104001,"[Mace Master] Lisbeth","Lisbeth","skill_101201","skill_102202","skill_103102"
5104010,"[Genius of Swordsmith] Lisbeth","Lisbeth","","",""
5104015,"[Nightwear] Lisbeth","Lisbeth","skill_101101","skill_102202","skill_103112"
5104016,"[Dark Dancer] Lisbeth","Lisbeth","skill_101101","skill_102202","skill_103116"
5104018,"[Efficient Smith] Lisbeth","Lisbeth","skill_101101","skill_102202","skill_103117"
5104021,"[Fascinating MC Performer] Lisbeth","Lisbeth","skill_101101","skill_102202","skill_103120"
5104022,"[My Little Lover] Silica","Silica","skill_101101","skill_102201","skill_103122"
5104023,"[Fledgling Tweeny] Yuuki","Yuuki","skill_101101","skill_102202","skill_103123"
5104024,"[Born in Sakura Season] Yui","Yui","","",""
5104025,"[Smile on Waterfront] Lisbeth","Lisbeth","","",""
5104026,"[Bouquet Toss] Yuuki","Yuuki","skill_101101","skill_102202","skill_103125"
5104029,"[Summer Sunshine] Lisbeth","Lisbeth","skill_101101","skill_102202","skill_103129"
5124001,"[Goddess of Death] Sinon","Sinon","skill_121101","skill_121102","skill_123101"
5124002,"[Gunner of the Gods] Sinon","Sinon","skill_121101","skill_121102","skill_123102"
5124005,"[Death Bullet] Sinon","Sinon","skill_121101","skill_121102","skill_123105"
5124007,"[Nightwear] Sinon","Sinon","skill_121102","skill_121202","skill_123104"
5124013,"[Mischievous Summer Chick] Sinon","Sinon","skill_121102","skill_121202","skill_123111"
5144006,"[Choleric Cupid] Sinon","Sinon","skill_141101","skill_141202","skill_143105"
5144009,"[Free Style Artist] Sinon","Sinon","skill_141101","skill_141201","skill_143107"
5144010,"[Stillroom Maid] Sinon","Sinon","skill_141101","skill_141202","skill_143109"
5144011,"[blossom of youth] Philia","Philia","skill_141101","skill_141202","skill_143108"
5144013,"[Indoor Gamer] Sakuya","Sakuya","skill_141102","skill_141201","skill_143111"
5164001,"[Star Scientist] Seven","Seven","skill_161102","skill_161201","skill_163101"
5164013,"[Swift Fast Heroine] Leafa","Leafa","skill_161101","skill_161201","skill_163108"
5164014,"[Dragon Caster] Silica","Silica","skill_161102","skill_161201","skill_163107"
5164016,"[Hit Idol of Love and Effort] Asuna","Asuna","skill_161102","skill_161201","skill_163109"
5164018,"[Kitchen Maid] Asuna","Asuna","skill_161102","skill_161201","skill_163111"
5184001,"[Libra] Asuna","Asuna","skill_181101","skill_182101","skill_183102"
5184002,"[Leo] Sinon","Sinon","skill_181101","skill_182101","skill_183101"
5184005,"[Kagura Dance] Premiere","Premiere","skill_181101","skill_182101","skill_183110"
5184006,"[Midsummer Babe] Suguha","Suguha","skill_181101","skill_182101","skill_183109"
5226009,"[Fluffy Bunny] Umino","Umino","skill_221104","skill_221203","skill_225108"
6105011,"[Hopeful Smile] Lisbeth","Lisbeth","skill_101101","skill_102201","skill_104110"
6105012,"[Shine Parasol] Lisbeth","Lisbeth","skill_101101","skill_102201","skill_104111"
6145007,"[Youthful Days] Asuna","Asuna","skill_141101","skill_141202","skill_144107"
6145008,"[Sky Bow] Sinon","Sinon","","",""
6145015,"[Soaring Bow] Sinon","Sinon","skill_141101","skill_141202","skill_14410802"
6146023,"[If Flowers Could Speak] Sinon","Sinon","skill_141101","skill_141202","skill_14511901"
6165010,"[Foreign Girl] Silica","Silica","skill_161102","skill_16120101","skill_164108"
6185004,"[Snow Blessings] Sachi","Sachi","skill_181101","skill_182101","skill_184104"
6185007,"[The Coveted Life] Yuuki","Yuuki","skill_181101","skill_182101","skill_184108"
6195002,"[Knights of the Blood] Kirito","Kirito","skill_191101","skill_192101","skill_194102"
6225015,"[Pink in Battle] LLENN","LLENN","skill_221104","skill_221203","skill_224109"
6225016,"[Toxic Gun Master] Pitohui","Pitohui","skill_221101","skill_221204","skill_224110"
8014001,"[Furinkazan] Klein","Klein","","",""
8061001,"Asuna","Asuna","","",""
8062001,"Asuna","Asuna","","",""
8063001,"[Floor-Clearing Demon] Asuna","Asuna","","",""
8083001,"[Party Mascot] Silica","Silica","skill_81101","skill_82101","skill_82102"
8084001,"[Dragon Tamer] Silica","Silica","skill_81101","skill_82101","skill_82102"
8104001,"[Mace Master] Lisbeth","Lisbeth","skill_101201","skill_102202","skill_103102"
8164001,"[Lightning Flash] Asuna","Asuna","","",""
8164002,"[Support Sylph] Leafa","Leafa","skill_161101","skill_161102","skill_163101"
8264001,"[Lightning Flash] Asuna","Asuna","","",""
8364001,"[Lightning Flash] Asuna","Asuna","","",""
8464001,"[Lightning Flash] Asuna","Asuna","","",""